{
  "name": "ExampleSensor",
  "manufacturer": "IoTechSystems",
  "model": "IoT3",
  "description": "Random Example Sensor",
  "labels": ["sensor"],
  "apiVersion": "v2",

  "deviceResources":
  [
    {
      "name": "SensorOne",
       "description": "A Sensor generating values between 0 & 100",
       "attributes": { "SensorID": "Sen1" , "SensorType": "1" },
       "properties": { "valueType": "Uint64", "readWrite": "R", "units": "Random" }
    },
    {
       "name": "SensorTwo",
       "description": "A Sensor generating values between 1 & 1000",
       "attributes": { "SensorID": "Sen2", "SensorType": "2" },
       "properties": { "valueType": "Uint64", "readWrite": "R", "units": "Random" }
    },
    {
       "name": "Switch",
       "description": "A generic switch",
       "attributes": { "SwitchID": "Switch1" },
       "properties": { "valueType": "Bool", "readWrite": "RW", "units": "State" }
    }
  ]
}
